id,name,createdAt
0,Allyson,2021-07-04 14:47:09.888
1,Ferdinande,2020-07-14 07:48:54.798
2,Amelie,2020-06-24 06:33:53.024
3,Aidan,2021-07-11 02:20:04.723
4,Coreen,2021-04-05 14:14:06.530
5,Pier,2021-02-01 22:14:23.329
6,Naomi,2020-06-19 21:09:25.059
7,Daryl,2020-07-07 22:17:08.755
8,Laurene,2021-03-25 07:18:26.872
9,Veronique,2020-11-19 16:23:24.360
10,Tallie,2021-12-09 02:45:04.287
11,Leia,2021-02-16 18:20:45.555
12,Glenn,2020-03-03 02:25:59.637
13,Marni,2021-03-13 20:43:04.213
14,Rosaline,2020-04-22 04:12:04.966
15,Domini,2020-01-22 01:14:20.264
16,Rachael,2021-01-19 19:49:43.985
17,Nonnah,2021-05-23 05:38:55.568
18,Fiorenze,2020-12-31 21:15:42.000
19,Rozina,2020-08-12 18:31:39.079
20,Lorie,2020-11-28 11:50:49.886
21,Elisabetta,2021-12-22 07:57:36.312
22,Darice,2020-09-20 06:44:20.357
23,Devi,2020-05-31 11:29:18.731
24,Joeann,2021-11-28 18:45:55.005
25,Gabriell,2020-02-15 00:15:56.379
26,Jennica,2020-12-05 12:22:25.019
27,Veriee,2021-04-15 10:49:23.211
28,Sherie,2020-01-10 06:52:24.703
29,Fayre,2020-05-22 11:16:30.559
30,Evonne,2020-12-06 10:13:37.008
31,Ronica,2021-04-14 04:03:07.121
32,Hayley,2021-02-04 10:07:27.083
33,Madelina,2020-12-20 12:54:28.336
34,Mabelle,2021-10-20 05:27:28.158
35,Damita,2020-01-20 21:05:22.463
36,Kerrill,2021-10-24 18:58:28.879
37,Lenka,2020-03-12 11:15:45.545
38,Othilia,2021-10-29 23:26:55.123
39,Junina,2020-11-22 09:14:55.935
40,Sephira,2021-08-12 00:55:49.916
41,Flor,2021-12-22 08:54:08.711
42,Mirelle,2021-12-24 17:06:42.175
43,Kania,2021-06-15 03:47:20.359
44,Cybil,2021-10-01 08:02:49.618
45,Lorrie,2021-05-20 03:39:53.690
46,Garnette,2020-08-31 12:27:48.431
47,Doro,2021-12-02 16:01:09.901
48,Hannis,2021-08-03 08:40:04.884
49,Ardene,2020-12-11 14:34:14.013
50,Melly,2020-03-21 17:15:36.822
51,Rycca,2021-07-20 09:55:29.940
52,Didi,2020-06-09 18:09:20.133
53,Fredelia,2021-02-06 22:57:20.645
54,Doro,2021-10-18 09:39:18.520
55,Gina,2020-02-15 21:51:11.217
56,Micky,2021-05-01 10:42:48.112
57,Abby,2021-07-28 14:58:56.681
58,Jaynell,2021-10-29 21:38:15.982
59,Marissa,2021-02-12 06:20:43.392
60,Darya,2020-11-05 22:51:15.700
61,Veronique,2021-02-21 13:39:44.057
62,Ariella,2021-04-17 15:34:21.377
63,Gipsy,2020-04-23 15:19:31.786
64,Christyna,2020-05-25 06:02:43.311
65,Theo,2020-02-24 15:17:13.851
66,Mei,2021-03-19 10:21:17.333
67,Jeralee,2020-08-25 05:34:07.493
68,Paulina,2021-11-24 21:33:09.461
69,Donni,2020-02-04 00:04:30.145
70,Verile,2021-02-21 11:23:53.055
71,Cassandra,2021-10-06 19:55:07.409
72,Rhodia,2020-01-15 05:32:08.561
73,Alene,2020-04-07 04:14:39.953
74,Madlin,2021-10-23 16:32:43.967
75,Austine,2020-01-09 05:26:13.724
76,Alissa,2021-11-09 10:59:22.828
77,Raine,2021-06-20 09:03:05.139
78,Lotty,2020-10-08 14:59:53.928
79,Evy,2020-12-12 05:58:00.234
80,Lorene,2020-12-15 10:15:28.236
81,Winonah,2020-11-17 05:05:39.146
82,Shena,2021-06-02 11:32:24.650
83,Emily,2020-01-11 16:02:40.344
84,Sindee,2021-06-25 11:26:09.321
85,Maryrose,2021-08-24 13:49:49.823
86,Carmelita,2021-01-07 09:56:14.892
87,Cristina,2021-05-25 11:38:56.812
88,Bernadene,2021-12-27 00:00:29.821
89,Bettine,2021-09-15 03:36:34.865
90,Agata,2020-09-10 23:42:45.308
91,Dorthy,2020-02-22 09:59:32.096
92,Sonnnie,2021-10-09 09:02:52.558
93,Gavra,2020-07-15 15:28:44.293
94,Arluene,2020-12-23 08:16:41.050
95,Faye,2021-02-11 17:25:05.187
96,Cynde,2021-12-12 05:39:42.018
97,Vivian,2021-05-09 20:57:36.293
98,Claude,2021-05-18 23:44:20.670
99,Nata,2021-09-22 15:50:01.735
100,Rheba,2020-12-11 11:37:31.862
101,Petronella,2020-12-30 08:47:47.893
102,Audy,2020-12-25 16:50:01.349
103,Neilla,2021-07-08 22:02:12.944
104,Xaviera,2020-07-07 12:29:09.559
105,Gilemette,2020-05-12 03:54:24.506
106,Kordula,2021-11-02 17:17:13.551
107,Lesly,2020-07-31 00:31:16.978
108,Genni,2021-07-27 06:42:09.237
109,Maggie,2020-03-18 11:36:04.624
110,Alverta,2021-01-29 16:48:24.824
111,Leontine,2020-12-26 15:29:48.915
112,Hana,2020-08-06 18:47:45.959
113,Flss,2020-11-02 05:05:04.246
114,Thea,2021-09-30 20:54:52.400
115,Luella,2021-04-17 13:49:32.365
116,Coralyn,2021-09-05 20:10:57.487
117,Bria,2021-10-02 13:24:35.659
118,Melodee,2020-06-25 01:22:51.798
119,Rochelle,2021-07-10 23:25:25.622
120,Kristine,2021-08-17 08:16:58.355
121,Marni,2021-05-30 18:58:09.434
122,Ronnica,2020-01-06 21:53:32.462
123,Wendye,2020-09-03 13:12:18.080
124,Anett,2020-03-14 12:31:24.147
125,Lyndell,2021-09-06 04:01:47.578
126,Ange,2021-06-05 23:24:14.771
127,Lin,2020-10-12 22:54:26.716
128,Bidget,2020-05-17 23:13:37.237
129,Donica,2020-04-22 02:54:09.144
130,Vania,2021-07-28 06:00:34.780
131,Genvieve,2020-12-22 08:43:11.057
132,Cathrine,2021-01-30 01:46:38.930
133,Roch,2020-03-24 03:57:53.399
134,Kathye,2020-05-04 21:09:45.994
135,Deanne,2020-07-15 17:25:21.887
136,Inga,2021-10-05 01:06:16.025
137,Cathee,2021-02-01 01:56:06.429
138,Riva,2020-09-09 13:37:25.228
139,Giulia,2021-07-27 02:10:59.571
140,Charmane,2020-11-05 12:51:56.438
141,Erminia,2020-10-17 10:41:32.930
142,Nanon,2021-10-20 05:28:35.918
143,Deeanne,2021-04-24 17:20:55.035
144,Selene,2020-01-31 22:14:44.607
145,Alfy,2021-11-22 18:36:48.337
146,Ramonda,2020-10-27 00:36:47.126
147,Emelita,2021-11-11 19:24:03.748
148,Danni,2020-03-24 08:38:32.442
149,Zelma,2020-01-02 12:20:39.300
150,Shina,2021-08-15 14:27:06.962
151,Bamby,2020-08-09 19:09:56.080
152,Xena,2021-09-13 20:41:11.459
153,Carine,2020-08-03 00:56:07.212
154,Jere,2021-08-06 04:22:35.884
155,Corrina,2021-07-06 11:48:22.714
156,Harriett,2020-11-28 16:16:22.901
157,Gayla,2020-01-16 21:04:24.530
158,Adriaens,2021-01-02 17:02:13.611
159,Miof Mela,2020-10-12 20:53:14.195
160,Imelda,2020-02-19 00:04:23.046
161,Emilie,2021-09-25 03:27:41.263
162,Maudie,2020-02-11 10:47:06.710
163,Ladonna,2020-03-01 22:28:13.046
164,Agnella,2020-06-18 14:03:36.264
165,Lottie,2021-11-11 00:09:48.633
166,Valentia,2021-04-07 02:52:23.557
167,Chloe,2020-01-20 13:17:01.842
168,Denise,2020-05-29 00:32:56.742
169,Rahal,2021-02-02 04:42:27.297
170,Andee,2020-06-13 10:36:04.574
171,Eada,2020-08-08 01:04:15.682
172,Arlyn,2021-02-10 05:06:57.019
173,Kimberly,2020-05-02 04:13:16.606
174,Lorena,2020-09-26 15:26:05.488
175,Henriette,2021-01-08 00:33:17.237
176,Oralie,2020-03-31 15:38:25.003
177,Deena,2021-01-31 08:09:41.103
178,Jacquelynn,2021-08-18 01:25:16.612
179,Janice,2021-12-01 03:25:29.620
180,Flossie,2021-04-29 12:35:29.321
181,Layney,2020-10-19 17:11:25.227
182,Noella,2021-09-20 02:10:42.353
183,Renae,2020-04-10 09:37:05.540
184,Joete,2021-12-21 22:29:13.557
185,Nonie,2020-03-21 20:03:55.554
186,Jacklin,2020-01-16 06:49:31.690
187,Danice,2020-02-25 21:58:38.006
188,Teddy,2020-08-20 12:26:09.890
189,Babita,2021-10-03 20:22:05.331
190,Carrissa,2021-03-20 16:28:09.071
191,Tyne,2021-04-09 12:23:58.571
192,Gwendolin,2020-02-12 23:14:58.648
193,Henryetta,2020-03-08 10:32:06.644
194,Grata,2020-10-08 20:05:39.516
195,Joly,2021-08-09 09:46:55.714
196,Danya,2021-11-03 18:46:13.469
197,Dahlia,2020-12-27 13:15:08.064
198,Arlena,2021-10-19 23:04:09.104
199,Naomi,2020-01-28 00:05:25.032
200,Maryanna,2020-01-19 02:40:46.198
201,Rosemaria,2020-12-30 19:14:34.330
202,Margeaux,2020-08-07 12:43:11.851
203,Alie,2020-03-20 22:51:02.015
204,Barbabra,2021-06-19 10:32:30.706
205,Margarette,2021-05-31 22:32:54.270
206,Torey,2020-11-03 00:22:52.819
207,Stephine,2021-10-27 08:55:04.868
208,Olympie,2021-12-25 11:06:23.002
209,Jordain,2020-01-17 21:47:33.592
210,Seana,2021-02-22 19:57:47.095
211,Cornelia,2020-08-22 05:42:08.189
212,Corina,2021-10-08 13:35:02.946
213,Christie,2020-08-15 07:41:30.650
214,Nita,2021-08-13 00:47:05.555
215,Glory,2020-04-07 17:03:48.488
216,Salli,2021-04-24 09:02:32.296
217,Marion,2021-10-21 06:56:57.563
218,Agnese,2021-06-17 18:51:31.566
219,Tiffany,2021-10-23 17:32:00.104
220,Catharine,2021-01-28 23:18:11.507
221,Timmy,2021-02-17 02:59:22.979
222,Lanny,2021-03-09 01:51:53.787
223,Marna,2021-12-26 08:22:18.176
224,Leanor,2020-06-12 08:44:54.589
225,Caty,2021-05-02 08:48:53.019
226,Sheree,2021-02-02 15:46:33.529
227,Rycca,2021-04-30 16:48:23.721
228,Oralia,2021-11-21 05:02:03.185
229,Robena,2021-06-19 07:55:38.612
230,Annette,2021-01-25 12:25:36.232
231,Melisse,2020-10-24 13:23:35.121
232,Britt,2020-07-10 08:17:33.586
233,Filia,2021-08-01 04:39:05.719
234,Aime,2021-03-16 07:59:34.578
235,Hannie,2020-04-10 01:41:58.030
236,Ardine,2021-01-02 02:51:27.760
237,Jaimie,2021-08-26 11:51:47.531
238,Bella,2020-01-02 11:59:11.063
239,Fifi,2021-01-22 01:11:32.239
240,Viviyan,2021-01-19 10:31:54.714
241,Donnie,2021-06-11 09:46:42.129
242,Janel,2020-07-12 09:18:28.412
243,Merle,2020-02-07 10:47:19.426
244,Crista,2021-11-05 13:14:31.947
245,Gennifer,2020-11-16 00:30:17.039
246,Corrianne,2020-04-13 06:58:26.537
247,Jo-Anne,2021-01-25 22:35:17.587
248,Anna-Maria,2020-11-01 01:42:24.658
249,Tiffie,2021-06-23 06:44:03.367
250,Berrie,2021-12-11 22:08:32.862
251,Suzy,2021-10-03 13:01:02.752
252,Rosalind,2021-11-30 15:04:48.543
253,Lori,2021-05-29 03:58:53.169
254,Norry,2020-06-23 07:53:14.243
255,Dotti,2021-09-12 06:43:18.350
256,Harrietta,2020-12-29 09:17:14.406
257,Katerine,2021-01-30 21:18:45.184
258,Marget,2020-03-16 15:50:54.729
259,Chandra,2021-10-21 01:42:44.028
260,Allyce,2021-05-07 14:08:43.803
261,Keriann,2020-07-27 03:29:00.274
262,Anastasie,2020-06-06 03:15:47.904
263,Laurella,2021-06-06 14:34:28.061
264,Merna,2020-01-26 07:10:01.685
265,Lavinie,2021-02-06 10:23:35.296
266,Milissent,2020-10-23 07:00:18.015
267,Lindi,2020-12-18 16:35:28.868
268,Kerrin,2020-04-14 09:48:19.884
269,Bernadina,2020-02-10 14:20:28.592
270,Leeann,2021-02-21 00:45:37.256
271,Janeczka,2021-11-16 03:09:59.943
272,Alta,2020-06-03 02:31:07.153
273,Zonda,2021-03-04 05:37:34.142
274,Carlee,2020-06-02 06:13:37.915
275,Ariana,2021-02-22 22:00:33.626
276,Tatiania,2021-04-25 22:48:20.667
277,Celia,2020-07-13 17:13:01.252
278,Nichol,2021-05-07 16:43:48.974
279,Cornelia,2020-08-18 01:02:10.020
280,Rona,2021-05-30 19:42:52.852
281,Ermengarde,2021-09-27 15:40:27.970
282,Denise,2021-02-17 13:59:11.826
283,Cathee,2021-01-30 15:57:21.179
284,Cary,2020-04-15 14:56:25.060
285,Alane,2020-04-09 23:26:58.089
286,Shawn,2020-09-21 17:55:27.482
287,Dorolisa,2021-12-23 17:00:53.748
288,Allis,2021-12-04 03:08:28.965
289,Diana,2020-05-24 02:29:58.803
290,Domini,2020-11-26 04:30:18.639
291,Carrissa,2020-03-13 06:36:28.292
292,Melisande,2020-12-04 03:13:58.190
293,Coral,2020-06-12 20:55:52.514
294,Henrie,2020-01-22 01:26:14.859
295,Evita,2020-10-22 23:40:35.130
296,Kelly,2020-07-30 05:27:25.079
297,Rhody,2020-03-30 04:29:25.201
298,Sheba,2020-06-09 14:38:24.159
299,Selina,2021-11-16 00:30:00.501
300,Hildegaard,2020-05-27 22:58:10.278
301,Kacy,2020-12-05 23:54:10.787
302,Myranda,2020-02-19 18:27:25.473
303,Tammy,2020-02-26 13:29:49.387
304,Arabel,2020-06-29 18:01:33.616
305,Cal,2020-03-05 04:19:26.478
306,Vivienne,2020-08-22 23:44:17.071
307,Shane,2021-11-06 21:06:28.792
308,Vivie,2020-10-29 03:32:13.574
309,Randi,2020-07-12 21:27:12.593
310,Isis,2021-04-20 03:39:57.264
311,Mirabelle,2021-09-02 09:53:57.622
312,Megen,2021-09-14 23:48:45.958
313,Deana,2020-12-01 10:47:33.050
314,Paulette,2020-10-21 01:23:34.077
315,Calley,2021-10-28 18:07:10.851
316,Coral,2021-05-01 01:29:13.131
317,Merilyn,2021-10-24 21:28:30.453
318,Magda,2021-06-08 05:50:55.646
319,Terrye,2021-11-30 08:42:11.823
320,Leigha,2021-03-12 03:07:35.176
321,Jolie,2020-07-19 09:59:54.461
322,Mercedes,2021-10-21 19:32:08.680
323,Phelia,2020-10-28 20:17:01.149
324,Desiree,2021-04-05 06:37:29.725
325,Silvana,2020-01-11 16:08:14.544
326,Cathyleen,2020-04-01 17:26:58.991
327,Clair,2021-07-11 05:41:57.873
328,Saree,2020-11-12 14:19:48.247
329,Alethea,2021-09-12 02:20:55.135
330,Allyce,2020-04-22 01:11:27.269
331,Odelle,2020-06-10 20:10:15.216
332,Mollee,2021-10-07 06:38:44.322
333,Iseabal,2020-06-21 13:41:22.933
334,Tani,2021-11-13 13:14:40.793
335,Gretal,2021-10-03 17:52:51.284
336,Michel,2020-03-07 01:36:27.425
337,Rona,2021-10-19 07:40:24.620
338,Jaquelyn,2020-09-21 02:36:18.135
339,Faun,2021-12-03 04:01:11.946
340,Gwendolen,2021-12-19 17:55:03.075
341,Lonna,2021-10-04 03:56:42.087
342,Nadeen,2020-12-07 16:11:26.337
343,Maxy,2020-06-05 00:41:04.648
344,Marice,2021-10-03 10:35:25.611
345,Jana,2020-08-26 20:58:30.662
346,Laure,2021-09-10 09:23:51.687
347,Merla,2021-09-10 06:11:56.604
348,Kamila,2020-06-30 11:20:27.830
349,Minne,2020-11-30 21:06:53.109
350,Myrlene,2021-09-09 13:58:51.390
351,Sara,2021-04-03 17:47:43.520
352,Shannon,2020-10-12 22:43:39.835
353,Kikelia,2021-04-10 14:56:48.762
354,Charissa,2021-09-07 06:26:16.574
355,Adel,2021-09-29 12:58:18.549
356,Honor,2021-03-24 16:19:58.084
357,Selma,2020-04-10 14:53:20.410
358,Hyacinth,2020-07-22 03:18:07.445
359,Rivkah,2020-01-29 11:46:58.276
360,Leigh,2020-08-28 08:35:23.343
361,Birdie,2021-05-01 04:27:42.469
362,Merlina,2021-11-29 21:30:30.520
363,Hana,2021-03-19 10:51:22.692
364,Cordelie,2021-10-24 04:28:36.498
365,Johnette,2021-06-08 11:04:06.978
366,Cyndi,2020-08-20 01:37:40.964
367,Jobye,2021-09-03 03:38:43.081
368,Theresa,2020-01-08 17:15:56.676
369,Nadya,2021-08-27 18:31:40.880
370,Chelsie,2021-08-28 03:25:27.752
371,Maitilde,2020-04-01 12:00:37.939
372,Timmy,2021-08-08 13:05:00.021
373,Darby,2021-07-23 23:03:29.733
374,Gerianna,2021-12-23 05:38:34.100
375,Bell,2021-11-18 06:34:02.347
376,Carin,2020-04-04 20:06:45.986
377,Charmane,2021-08-26 14:36:45.369
378,Jemima,2020-07-18 17:42:27.193
379,Wendeline,2021-02-05 23:51:17.312
380,Phaedra,2020-03-20 01:50:47.930
381,Sherie,2021-08-02 09:19:39.554
382,Mildred,2021-09-23 19:51:29.775
383,Emmalynn,2020-09-14 08:09:18.214
384,Juliet,2020-01-23 15:33:16.103
385,Lauraine,2020-03-15 05:26:13.845
386,Esther,2021-09-08 02:18:24.562
387,Dixie,2020-09-21 20:54:17.748
388,Jori,2020-11-23 00:40:04.471
389,Carolynn,2021-12-29 06:36:26.020
390,Dyana,2021-08-19 14:26:07.624
391,Ellynn,2020-11-16 19:05:04.903
392,Julieta,2020-05-07 04:04:30.040
393,Ruthie,2021-06-01 00:19:15.953
394,Jorry,2020-01-25 08:38:27.651
395,Joyann,2020-05-15 16:55:10.636
396,Tatum,2021-07-03 10:21:20.305
397,Aurie,2021-10-25 08:27:12.645
398,Xylia,2020-08-20 05:49:12.336
399,Katusha,2021-05-26 21:00:35.716
400,Stormy,2020-03-25 14:43:19.107
401,Eileen,2020-01-07 00:35:09.426
402,Kellyann,2020-09-07 06:28:52.662
403,Randene,2020-03-29 10:47:41.763
404,Saundra,2020-10-10 02:13:42.217
405,Keelia,2021-01-27 02:50:47.174
406,Merrilee,2021-03-30 00:02:07.325
407,Lindsy,2020-01-09 14:16:39.682
408,Fara,2020-11-15 06:01:39.383
409,Noelyn,2021-01-17 17:00:34.077
410,Lainey,2021-01-13 22:58:08.144
411,Ede,2020-06-09 07:44:57.186
412,Lindsay,2020-06-28 14:16:40.760
413,Margaretta,2021-03-11 17:53:32.266
414,Averil,2020-06-30 21:26:28.036
415,Susanna,2021-10-18 17:03:46.955
416,Malorie,2021-02-09 09:19:18.709
417,Brenda,2021-06-08 15:38:42.692
418,Dulcie,2020-12-20 18:10:35.533
419,Ardith,2021-02-12 08:11:54.801
420,Arabel,2020-01-30 17:54:11.731
421,Nerita,2021-09-08 19:35:53.273
422,Marielle,2020-10-07 08:37:49.178
423,Drusy,2021-05-29 04:54:11.481
424,Kristien,2020-01-21 21:09:13.932
425,Melisa,2021-07-25 09:46:11.761
426,Paulina,2020-07-13 19:47:10.809
427,Giulietta,2020-04-01 20:22:01.693
428,Sarajane,2020-03-26 06:41:28.085
429,Adrienne,2021-03-16 04:41:20.072
430,Jannelle,2021-10-06 21:03:35.749
431,Magda,2021-07-18 05:48:21.841
432,Milissent,2020-12-02 21:32:59.395
433,Florida,2020-02-09 23:06:41.609
434,Rivi,2021-10-15 21:16:35.049
435,Rakel,2020-09-15 17:49:25.805
436,Rozelle,2021-02-13 04:49:57.836
437,Ruthie,2021-06-05 08:40:00.926
438,Audi,2020-02-16 18:01:52.599
439,Kassie,2021-05-01 21:12:15.056
440,Laure,2021-03-14 18:40:20.779
441,Tana,2021-06-01 06:34:54.336
442,Nonnah,2020-02-17 02:28:55.325
443,Pauline,2021-08-22 20:02:26.168
444,Peri,2020-09-20 02:32:55.054
445,Casie,2021-07-20 13:36:48.878
446,Rhodie,2021-12-26 11:46:44.160
447,Cherilynn,2020-09-15 15:14:36.035
448,Lotty,2020-07-11 15:34:35.615
449,Rebekah,2021-08-09 16:13:34.188
450,Yovonnda,2021-08-03 16:07:23.320
451,Oralia,2021-07-03 23:39:31.119
452,Linet,2020-09-21 19:29:37.139
453,Jaimie,2021-12-14 12:26:17.280
454,Lauree,2021-11-13 08:25:05.919
455,Rubie,2020-02-11 10:20:36.862
456,Dierdre,2021-06-06 07:09:29.350
457,Tomasina,2020-02-29 07:38:41.855
458,Tiphanie,2021-04-16 00:23:10.041
459,Carolyne,2021-01-15 17:58:16.874
460,Ariela,2021-10-24 09:57:46.540
461,Helena,2021-04-03 13:33:18.449
462,Tess,2020-05-15 06:16:03.089
463,Cynthy,2021-04-12 15:02:37.800
464,Candra,2020-10-05 01:29:16.090
465,Christean,2020-09-21 18:00:01.826
466,Brunhilda,2021-07-25 13:05:14.388
467,Flossi,2021-11-28 13:06:03.598
468,Maura,2021-06-18 23:44:10.112
469,Sybille,2020-04-28 01:04:51.059
470,Zuzana,2021-09-22 22:50:40.799
471,Hilde,2020-06-03 13:26:52.374
472,Robyn,2021-01-07 07:58:01.794
473,Jodie,2021-05-15 14:54:53.555
474,Dulcea,2021-11-28 00:47:47.875
475,Lucia,2021-08-26 14:40:44.543
476,Ilysa,2021-02-12 22:27:45.333
477,Del,2021-12-21 23:58:55.469
478,Christean,2020-04-23 22:13:07.716
479,Jacquelin,2020-07-04 05:16:30.477
480,Shawnee,2020-11-04 17:14:06.529
481,Sharon,2021-03-05 22:34:31.279
482,Alexi,2020-04-23 20:36:51.441
483,Nikaniki,2020-06-14 16:52:06.135
484,Leonie,2021-08-19 03:29:20.943
485,Catherine,2021-04-14 20:34:06.621
486,Beret,2021-06-18 02:25:51.655
487,Sile,2021-09-11 21:06:03.424
488,Demeter,2021-08-09 12:38:13.894
489,Valina,2021-09-26 08:15:01.198
490,Melanie,2021-11-29 09:12:59.732
491,Theda,2021-05-18 08:15:56.913
492,Rivy,2020-06-16 08:44:54.235
493,Benedicta,2021-05-14 14:39:10.616
494,Andria,2020-04-27 08:01:09.368
495,Rosalinda,2021-10-25 00:16:25.263
496,Annabel,2020-11-02 11:25:32.974
497,Wilie,2021-12-07 10:47:03.647
498,Chloris,2021-04-04 00:34:15.855
499,Doll,2021-10-09 12:23:38.739
500,Agretha,2021-10-13 20:49:27.548
501,Lynnette,2021-12-17 01:09:05.499
502,Marice,2020-09-24 01:02:39.327
503,Sonya,2020-04-21 08:59:01.932
504,Emmi,2021-07-26 11:45:52.412
505,Billi,2020-12-11 17:55:23.518
506,Pandora,2021-09-13 04:10:59.561
507,Viole,2021-05-27 16:15:04.334
508,Lauraine,2020-09-03 13:56:34.042
509,Melinde,2020-12-01 13:04:24.547
510,Alberta,2021-09-23 16:34:14.460
511,Carmella,2021-06-05 15:18:13.445
512,Madalyn,2020-07-22 05:07:06.356
513,Meredithe,2021-05-02 03:25:20.088
514,Flo,2021-03-26 06:20:02.817
515,Deeyn,2021-01-23 19:26:15.516
516,Janet,2021-06-03 03:51:42.371
517,Milissent,2021-01-03 13:30:05.438
518,Toni,2021-05-15 04:15:14.505
519,Shea,2020-12-18 14:56:10.962
520,Tersina,2020-04-16 08:23:21.333
521,Sabina,2021-05-09 13:06:59.633
522,Cassey,2021-02-24 00:25:28.622
523,Gertie,2021-05-31 05:39:03.951
524,Joyan,2020-08-29 07:57:22.550
525,Wallie,2021-03-11 09:11:47.577
526,Theresina,2021-02-18 00:53:42.358
527,Minny,2020-02-18 16:46:16.161
528,Amandie,2020-05-03 14:50:02.864
529,Micky,2021-02-11 14:25:56.828
530,Consolata,2020-02-15 10:39:29.238
531,Kaila,2020-11-06 02:00:31.500
532,Olly,2021-10-19 14:52:05.865
533,Elna,2020-11-14 07:56:59.828
534,Ingrid,2020-09-17 20:19:43.851
535,Cindra,2021-04-14 09:10:24.101
536,Hilary,2020-03-04 04:50:27.929
537,Nerita,2020-10-19 00:02:00.230
538,Starla,2021-06-08 03:13:43.517
539,Tammie,2021-03-30 20:36:01.636
540,Rowena,2020-08-12 13:25:12.671
541,Estrella,2021-10-15 11:21:30.402
542,Jolee,2021-06-19 23:58:53.656
543,Lexi,2021-07-05 16:40:01.723
544,Dion,2020-02-15 09:12:21.403
545,Karola,2021-04-21 22:36:05.724
546,Amabel,2021-10-20 09:28:09.286
547,Birgitta,2020-04-13 20:54:28.439
548,Wilona,2021-03-30 21:14:51.801
549,Viki,2021-09-08 19:19:52.286
550,Taffy,2020-08-28 15:16:53.505
551,Jewelle,2021-08-14 08:30:23.722
552,Catharine,2020-06-16 02:09:18.698
553,Luciana,2021-07-28 21:37:36.045
554,Ernaline,2021-07-14 06:15:50.297
555,Laurella,2020-04-28 10:33:40.228
556,Doria,2020-09-19 19:05:03.662
557,Grier,2020-11-27 05:25:44.321
558,Joy,2020-01-13 15:13:59.254
559,Giuditta,2021-08-06 23:10:24.900
560,Lorene,2021-07-17 04:10:11.116
561,Avie,2021-12-17 10:18:08.313
562,Rose,2020-02-06 21:58:29.946
563,Ange,2021-09-09 17:34:32.209
564,Bobinette,2020-03-23 23:43:36.734
565,Bertha,2021-11-01 01:40:29.867
566,Clementine,2020-02-01 08:33:56.006
567,Gennifer,2020-07-25 15:48:49.878
568,Bernardina,2021-03-28 12:55:38.151
569,Elfreda,2021-05-05 08:38:51.292
570,Samara,2021-01-20 09:58:20.454
571,Caterina,2021-09-28 06:53:23.574
572,Collette,2020-07-03 10:42:24.349
573,Fulvia,2021-02-21 19:13:06.263
574,Barb,2020-03-27 16:20:51.123
575,Benedikta,2020-11-16 23:53:45.601
576,Willyt,2020-06-09 01:14:29.595
577,Blithe,2021-01-10 08:29:29.008
578,Deina,2021-05-21 16:30:38.055
579,Tiffani,2020-10-03 22:46:52.499
580,Marjie,2021-11-20 22:38:39.073
581,Corine,2020-09-30 14:37:51.031
582,Elana,2021-11-17 06:47:52.879
583,Anni,2021-06-29 04:42:05.124
584,Brande,2021-06-08 09:05:04.472
585,Erika,2020-07-02 12:14:49.449
586,Fifi,2020-08-08 09:46:24.813
587,Ajay,2021-09-03 10:37:02.396
588,Tedda,2021-05-08 04:02:36.940
589,Phedra,2021-03-02 17:59:23.147
590,Clarisse,2021-12-04 09:41:44.826
591,Davine,2021-04-01 20:29:17.674
592,Melisse,2020-02-27 07:26:46.163
593,Emili,2020-12-14 20:55:50.136
594,Shara,2021-08-30 20:23:55.195
595,Marin,2020-04-09 13:13:23.615
596,Tatiana,2021-05-24 13:17:04.238
597,Lissa,2020-07-30 08:30:20.631
598,Francisca,2020-03-01 04:08:09.233
599,Annabell,2021-02-25 05:11:04.256
600,Oriana,2020-12-16 02:38:57.829
601,Mona,2021-11-16 03:24:42.054
602,Devonna,2021-07-15 23:42:49.411
603,Jaquelyn,2020-12-15 03:50:37.850
604,Leoline,2020-01-24 21:22:03.461
605,Cynthy,2020-01-01 15:10:40.013
606,Hanny,2020-12-15 19:29:55.288
607,Annabell,2020-03-04 15:03:24.625
608,Bonnee,2021-09-22 10:03:51.180
609,Yolane,2020-03-17 03:06:38.836
610,Julienne,2020-07-19 04:25:10.464
611,Kerrie,2021-08-21 22:29:49.679
612,Ree,2020-09-21 18:52:16.240
613,Rachael,2020-06-25 18:59:06.010
614,Barb,2021-12-11 15:38:28.911
615,Evangelin,2020-06-21 11:42:09.987
616,Anabelle,2021-04-01 17:08:42.672
617,Karylin,2021-05-22 20:47:12.631
618,Birdie,2020-11-15 13:24:10.931
619,Marcelline,2021-10-11 05:06:27.893
620,Calypso,2020-07-26 02:07:31.389
621,Caren,2021-11-08 07:33:43.635
622,Delphine,2021-07-15 12:42:54.041
623,Janet,2020-03-26 22:22:56.824
624,Aeriela,2021-05-07 22:53:03.494
625,Jacenta,2021-01-20 08:12:43.972
626,Kalindi,2021-04-01 13:20:11.753
627,Florina,2021-11-07 07:58:58.425
628,Amber,2020-01-17 11:51:10.992
629,Ursula,2021-03-24 08:32:11.393
630,Hatty,2021-02-22 11:04:14.176
631,Patience,2020-08-12 00:54:34.122
632,Adelaida,2021-03-02 05:43:31.987
633,Caressa,2020-04-25 07:28:02.513
634,Giacinta,2020-09-18 08:55:00.078
635,Martguerita,2020-05-26 04:53:03.597
636,Erica,2021-05-08 14:14:52.776
637,Valentine,2020-07-16 16:25:41.155
638,Matilda,2020-11-14 07:11:32.390
639,Christian,2021-03-08 22:24:52.439
640,Ebony,2021-04-09 20:28:33.028
641,Ulrica,2021-09-23 08:28:35.978
642,Meghann,2020-01-13 18:01:41.560
643,Ros,2020-03-22 08:12:26.832
644,Meggy,2020-05-04 21:15:15.667
645,Marina,2021-06-19 04:00:33.801
646,Hedwiga,2020-06-14 06:59:49.390
647,Lavena,2021-10-02 11:00:41.470
648,Liesa,2020-08-12 15:46:46.737
649,Edyth,2021-06-08 23:23:42.527
650,Cathi,2021-06-25 22:31:04.317
651,Rani,2021-09-09 08:31:09.972
652,Aili,2021-06-10 18:03:18.037
653,Edee,2020-04-19 22:51:39.120
654,Adelaida,2021-07-28 14:14:43.007
655,Kristen,2020-03-09 08:46:14.507
656,Gayla,2021-09-05 14:03:27.463
657,Shaun,2021-01-20 21:28:05.703
658,Charlean,2021-12-16 15:31:10.994
659,Jo,2021-04-14 15:40:49.537
660,Anitra,2021-07-27 04:39:22.067
661,Cate,2020-01-07 07:50:02.057
662,Basia,2020-07-07 05:18:36.307
663,Lyndel,2020-06-12 21:04:19.895
664,Karole,2021-11-06 04:50:04.987
665,Carola,2020-06-05 18:22:10.453
666,Madelina,2020-09-29 14:52:30.001
667,Norine,2020-08-02 06:37:46.133
668,Willie,2020-10-18 19:27:49.415
669,Nicolea,2021-11-14 20:04:04.648
670,Evvy,2020-04-09 08:41:44.882
671,Maire,2021-10-20 05:13:56.056
672,Christalle,2020-07-02 01:02:55.368
673,Emlynn,2021-05-28 16:29:19.318
674,Holli,2020-01-16 08:19:25.102
675,Amargo,2020-01-26 15:51:47.455
676,Pepita,2020-08-28 05:39:03.462
677,Lian,2020-10-04 11:22:58.389
678,Lilah,2021-08-24 04:07:38.009
679,Shantee,2020-07-24 18:00:40.407
680,Maurita,2021-08-07 17:28:58.262
681,Jo-Ann,2021-04-01 09:24:28.823
682,Merna,2020-01-30 02:57:03.013
683,Henrietta,2021-09-28 20:31:42.706
684,Imojean,2021-03-16 21:03:20.254
685,Rowe,2021-07-28 10:30:40.723
686,Ulrika,2021-11-22 19:20:04.484
687,Imogene,2021-01-04 14:43:44.733
688,Lorette,2021-07-21 13:11:40.271
689,Eve,2021-07-19 15:18:51.368
690,Lavinia,2021-07-10 10:57:50.411
691,Ora,2021-11-27 16:07:16.344
692,Wandie,2020-01-19 18:46:33.170
693,Melisande,2021-08-10 00:55:05.739
694,Marena,2021-07-17 22:17:53.372
695,Grier,2021-11-13 10:35:41.726
696,Sean,2020-03-26 09:59:08.643
697,Nicky,2021-07-23 09:41:38.232
698,Thalia,2021-10-23 23:14:05.167
699,Ted,2020-12-09 12:08:09.215
700,Marie,2020-01-15 08:16:28.770
701,Celia,2021-04-05 06:02:13.972
702,Chandra,2020-05-07 19:33:18.603
703,Viv,2021-01-12 18:42:33.497
704,Flossie,2020-05-14 01:33:35.808
705,Annalee,2020-06-04 12:29:16.261
706,Mariellen,2020-10-07 00:25:31.713
707,Caty,2020-04-02 23:38:54.043
708,Trixie,2020-10-05 12:44:05.904
709,Sonja,2021-11-18 21:35:33.933
710,Janaya,2021-01-28 12:46:58.788
711,Jerrylee,2021-05-28 21:58:47.821
712,Jaclin,2020-05-09 01:04:03.327
713,Harmony,2021-10-12 21:18:57.945
714,Helaine,2021-11-25 16:40:58.506
715,Marylinda,2020-03-18 17:09:58.118
716,Jaquenetta,2021-06-09 10:37:11.936
717,Brittan,2020-09-11 22:55:47.632
718,Cayla,2020-07-19 12:18:32.765
719,Vikky,2021-03-12 22:14:06.955
720,Izabel,2020-06-18 11:29:27.940
721,Jackie,2021-11-26 10:29:15.314
722,Maurita,2021-07-30 23:23:54.417
723,Brier,2020-06-05 00:24:22.793
724,Bel,2020-10-20 20:31:29.687
725,Fallon,2020-10-19 14:30:10.408
726,Mandie,2020-05-04 02:05:22.260
727,Priscilla,2021-05-25 04:08:06.988
728,Linnell,2021-10-20 14:26:44.605
729,Kathye,2020-10-01 16:05:25.903
730,Reggie,2020-03-26 18:52:08.385
731,Petronille,2021-09-20 15:31:29.399
732,Elinor,2021-09-01 02:03:54.336
733,Timmi,2021-04-26 00:26:33.784
734,Myrtle,2021-04-14 13:35:02.110
735,Adey,2020-09-27 00:35:35.724
736,Karine,2021-08-29 12:15:53.249
737,Neysa,2021-10-29 07:42:52.226
738,Kiley,2020-11-04 15:41:58.231
739,Bryna,2021-07-29 22:13:11.731
740,Eugenia,2021-09-06 07:47:38.741
741,Bernardina,2021-06-16 06:30:29.513
742,Mady,2020-08-12 19:12:12.671
743,Fiona,2020-12-11 20:30:34.980
744,Ashil,2021-02-05 12:48:56.465
745,Blondelle,2020-10-01 15:45:41.951
746,Libbie,2020-01-22 04:59:24.250
747,Hatty,2021-08-02 15:58:07.632
748,Darice,2020-11-07 19:45:56.910
749,Jesse,2021-11-29 03:23:10.925
750,Teddi,2020-09-17 12:48:44.476
751,Gerladina,2021-05-12 13:29:17.356
752,Roz,2020-06-06 08:55:42.639
753,Cal,2021-05-08 04:14:48.432
754,Helen,2020-11-15 03:05:39.529
755,Bambie,2021-09-11 04:26:05.487
756,Christen,2021-08-31 03:08:42.499
757,Roxane,2021-11-26 23:08:58.204
758,Rebe,2020-08-23 20:53:23.833
759,Alikee,2020-08-04 17:58:55.632
760,Tammy,2021-01-23 02:01:04.535
761,Karyn,2020-05-02 15:20:36.007
762,Zarla,2021-07-03 02:30:39.265
763,Feodora,2021-11-19 23:40:51.324
764,Corissa,2020-04-22 08:29:00.827
765,Enrica,2021-03-31 06:03:51.904
766,Milly,2020-05-23 18:00:12.693
767,Ardine,2021-01-01 10:59:24.235
768,Danyette,2021-01-02 13:25:26.423
769,Margie,2021-01-17 14:57:31.882
770,Adelina,2021-04-09 03:28:49.805
771,Jamie,2020-09-17 00:04:49.704
772,Ariela,2021-05-27 06:29:59.374
773,Emlyn,2021-11-28 15:46:15.876
774,Alta,2020-09-18 12:44:34.983
775,Caroljean,2020-06-26 10:19:43.972
776,Miquela,2020-05-02 22:55:32.929
777,Tildy,2021-06-22 22:11:58.587
778,Lindie,2021-10-24 13:56:29.575
779,Berri,2021-04-26 14:00:25.890
780,Anitra,2020-05-10 00:56:24.915
781,Andree,2021-07-22 02:16:04.892
782,Dorisa,2020-06-10 13:04:12.881
783,Elwira,2020-02-11 18:31:46.895
784,Eugenie,2020-06-29 20:48:58.688
785,Nanny,2021-08-25 01:28:50.949
786,Tatiana,2021-05-08 20:48:22.310
787,Kori,2020-03-30 21:23:54.800
788,Clarine,2021-04-11 18:37:07.737
789,Morgan,2020-08-06 02:07:23.987
790,Claudette,2021-06-19 18:11:09.743
791,Donielle,2020-04-15 07:25:05.379
792,Holly-Anne,2021-06-21 19:42:09.128
793,Denny,2021-10-21 06:59:52.221
794,Tanitansy,2021-04-06 06:22:30.745
795,Sydney,2021-01-24 03:44:29.033
796,Diana,2020-08-03 18:31:55.237
797,Susie,2020-09-23 21:50:39.448
798,Lari,2021-05-25 16:24:58.822
799,Adi,2021-10-26 14:07:13.226
800,Ilene,2021-09-03 02:11:25.906
801,Rea,2021-10-02 16:48:44.093
802,Idell,2020-06-30 02:21:55.313
803,Cherilynn,2020-06-29 16:52:17.224
804,Reiko,2021-02-12 18:23:50.288
805,Christyna,2021-09-13 02:02:14.651
806,Leena,2021-07-20 11:07:05.548
807,Farand,2020-03-05 11:26:39.169
808,Kellina,2021-10-25 18:39:28.478
809,Kessiah,2020-09-23 22:12:01.066
810,Dyan,2020-12-08 20:55:29.984
811,Lara,2021-02-27 18:10:04.049
812,Chrysa,2020-08-06 06:54:57.487
813,Josephine,2021-01-27 21:19:33.118
814,Wendeline,2021-10-08 04:40:06.762
815,Dorelle,2020-08-10 13:03:59.602
816,Saundra,2021-11-21 19:04:39.121
817,Clarey,2021-10-05 22:33:31.545
818,Daffy,2020-11-25 11:01:50.635
819,Vonni,2021-07-30 10:40:17.978
820,Lani,2020-10-02 05:45:14.652
821,Michel,2021-07-28 01:21:22.800
822,Sandi,2020-03-23 00:53:43.000
823,Salli,2020-06-13 20:35:10.234
824,Quinn,2021-10-06 08:32:12.264
825,Jeannie,2021-02-22 01:12:54.607
826,Opaline,2020-04-13 06:45:16.019
827,Kippie,2021-01-19 12:33:31.946
828,Vinny,2020-10-14 01:19:17.464
829,Maggi,2021-04-19 20:19:13.878
830,Winna,2021-09-24 06:36:28.426
831,Athene,2020-08-20 20:24:22.571
832,Chicky,2020-10-08 16:41:31.576
833,Renae,2020-06-08 11:29:04.815
834,Lottie,2021-01-03 02:07:54.244
835,Roseline,2020-04-27 01:54:36.641
836,Emmey,2021-08-07 15:20:39.710
837,Estrella,2020-09-14 21:34:01.617
838,Jill,2021-01-22 17:12:35.660
839,Orelee,2020-03-06 10:36:14.539
840,Luelle,2020-01-04 03:06:14.181
841,Charity,2021-11-25 01:35:16.456
842,Mufinella,2021-04-07 22:45:23.810
843,Lia,2021-08-22 05:58:47.270
844,Lissie,2020-04-01 14:26:34.940
845,Sissie,2021-03-29 01:49:49.136
846,Lory,2020-09-16 04:11:34.567
847,Shannen,2021-12-31 14:00:52.316
848,Margareta,2021-07-24 06:44:04.112
849,Gertrude,2021-02-20 20:31:54.693
850,Euphemia,2020-07-04 00:21:18.105
851,Sisile,2021-12-24 01:10:35.388
852,Carlie,2021-10-04 22:09:45.408
853,Joell,2020-03-19 16:32:24.476
854,Fancy,2021-05-02 14:19:03.307
855,Waneta,2020-05-16 11:27:34.678
856,Tasha,2020-04-06 04:17:50.219
857,Isabelita,2020-01-31 03:15:05.064
858,Cissy,2020-10-17 16:31:46.463
859,Bryn,2020-05-18 07:46:50.288
860,Fayth,2021-07-31 21:51:07.336
861,Traci,2021-12-07 18:04:40.586
862,Talia,2021-01-30 12:02:44.685
863,Sybila,2021-07-22 13:20:06.768
864,Tessie,2021-03-10 19:26:56.508
865,Winifred,2020-06-20 15:07:59.568
866,Caron,2020-10-19 04:15:48.738
867,Lizbeth,2020-09-09 14:55:25.579
868,Isabella,2021-08-31 18:23:04.738
869,Ricki,2021-08-24 13:56:36.981
870,Adele,2020-08-29 03:43:24.807
871,Billie,2021-01-12 12:15:22.472
872,Sabra,2020-05-18 11:06:28.953
873,Kalina,2020-03-26 14:08:17.517
874,Carolyne,2020-03-09 07:30:25.588
875,Jewelle,2020-09-03 04:21:41.811
876,Karisa,2020-04-21 22:38:29.335
877,Aryn,2020-06-19 16:24:03.785
878,Katherine,2020-02-07 12:15:30.511
879,Gladys,2020-06-11 23:36:32.612
880,Mallissa,2020-08-01 00:48:51.660
881,Ulrika,2021-12-15 21:07:55.024
882,Norine,2020-11-12 04:17:58.072
883,Euphemia,2020-07-18 17:49:17.668
884,Yettie,2020-10-06 20:54:34.248
885,Belva,2020-08-25 11:47:37.388
886,Tamar,2021-07-22 06:17:05.189
887,Jemie,2021-04-20 09:59:21.715
888,Adriane,2020-08-11 01:13:33.735
889,Ulrica,2021-11-10 12:20:56.046
890,Octavia,2020-08-03 08:07:37.102
891,Valentina,2021-10-03 15:01:41.414
892,Mercy,2021-11-03 13:30:35.227
893,Carole,2020-08-08 05:24:25.874
894,Kessiah,2021-08-01 09:11:40.419
895,De,2020-02-03 20:16:43.525
896,Rheba,2021-03-16 15:33:13.836
897,Patti,2021-04-03 04:01:04.329
898,Marice,2020-05-23 20:10:06.154
899,Lottie,2020-03-25 14:33:03.859
900,Orsa,2021-10-14 04:02:54.649
901,Amalie,2020-04-13 11:17:44.296
902,Ardath,2021-07-25 14:23:19.758
903,Fredericka,2021-11-11 09:45:53.201
904,Cloe,2021-06-10 02:19:24.284
905,Freddie,2020-12-17 20:12:23.866
906,Carmelina,2021-06-27 03:01:16.274
907,Dyann,2020-02-26 16:29:30.746
908,Brittaney,2021-08-05 06:11:20.008
909,Rosabella,2020-08-04 00:08:04.222
910,La Verne,2021-07-07 06:27:41.097
911,Audrie,2020-04-21 07:20:26.521
912,Korrie,2020-04-12 06:18:37.343
913,Pansy,2020-08-25 15:00:26.292
914,Samara,2020-09-08 18:34:59.369
915,Lindi,2021-06-17 14:36:25.726
916,Jo,2020-12-26 18:28:55.217
917,Layne,2020-09-12 09:05:53.211
918,Dredi,2020-11-06 23:51:09.566
919,Enrika,2020-05-21 09:35:30.602
920,Ardyce,2021-11-04 02:56:19.647
921,Queenie,2021-07-19 04:18:14.895
922,Lindi,2021-04-26 11:50:52.890
923,Gilberta,2021-09-29 16:32:53.512
924,Emalee,2020-03-17 21:03:58.551
925,Denice,2021-04-05 07:09:17.918
926,Sybyl,2020-12-12 23:00:34.117
927,Ginny,2021-03-09 11:44:10.630
928,Ulrica,2021-12-31 22:12:04.462
929,Marie-Jeanne,2021-07-04 01:29:02.318
930,Pauline,2021-11-25 16:18:26.886
931,Fanchon,2020-06-18 09:08:08.275
932,Tony,2020-07-12 23:11:34.075
933,Lee,2020-04-14 00:55:17.298
934,Sammy,2020-07-09 06:45:28.890
935,Kissiah,2020-08-22 20:25:15.080
936,Sandye,2020-02-06 20:43:00.302
937,Fayre,2021-01-02 02:05:10.458
938,Rosaleen,2020-12-26 23:34:01.588
939,Felice,2020-05-20 16:05:42.731
940,June,2020-07-25 12:56:46.488
941,Roxy,2021-01-12 22:42:19.764
942,Basia,2021-07-24 02:09:06.319
943,Ester,2020-03-17 21:05:21.027
944,Phoebe,2020-02-18 18:16:26.218
945,Emmalee,2021-03-18 13:47:06.274
946,Staci,2021-01-13 18:49:51.127
947,Aimil,2020-07-13 18:07:28.927
948,Godiva,2021-06-09 19:21:26.492
949,Windy,2020-11-03 19:17:00.548
950,Brigit,2020-08-27 16:07:14.300
951,Martguerita,2020-04-10 06:41:37.703
952,Lida,2021-09-25 14:25:12.062
953,Florentia,2020-06-16 01:10:41.663
954,Lu,2020-10-29 19:47:32.939
955,Brooke,2020-04-21 17:38:53.302
956,Shaylyn,2020-04-29 11:37:01.929
957,Alie,2021-03-18 02:23:34.178
958,Sadye,2021-12-15 13:36:21.410
959,Saundra,2021-07-16 23:39:40.692
960,Lucilia,2020-12-28 16:37:19.736
961,Leeanne,2021-10-26 09:26:58.249
962,Nada,2020-06-28 16:25:01.517
963,Lacy,2021-12-04 18:56:30.978
964,Rubia,2021-08-29 02:35:48.159
965,Karlyn,2020-12-29 15:12:46.042
966,Rachael,2020-12-31 00:51:38.735
967,Mirelle,2020-03-05 23:11:39.484
968,Cynthea,2021-06-06 12:04:57.402
969,Nichol,2021-12-04 00:56:06.777
970,Denny,2020-10-01 02:32:39.195
971,Babette,2020-06-25 14:16:51.565
972,Gabriela,2020-05-08 06:55:55.264
973,Belvia,2021-10-07 12:16:28.354
974,Remy,2021-09-17 14:59:10.234
975,Bridie,2020-03-13 14:48:19.453
976,Kari,2021-05-05 21:50:00.652
977,Beilul,2021-08-28 11:11:24.736
978,Noel,2021-02-06 03:05:05.219
979,Helen-Elizabeth,2020-05-14 00:18:09.757
980,Calley,2020-05-22 10:06:35.334
981,Viv,2021-02-26 13:03:10.824
982,Emili,2020-10-29 11:40:53.240
983,Joyce,2020-05-04 19:44:03.764
984,Matty,2021-10-17 08:28:16.194
985,Malina,2020-08-02 10:09:51.726
986,Edita,2020-10-21 22:47:12.918
987,Ania,2021-05-16 10:17:33.773
988,Miriam,2021-08-20 17:07:44.077
989,Reeba,2021-06-12 18:40:43.843
990,Ronnica,2021-02-05 15:04:50.526
991,Melinde,2021-10-06 09:41:41.726
992,Lia,2020-06-03 07:16:10.572
993,Faunie,2021-04-23 14:34:56.397
994,Ulrika,2020-10-23 22:09:09.887
995,Fania,2020-07-17 18:17:20.783
996,Daile,2020-09-09 13:17:21.505
997,Van,2020-02-27 06:41:39.493
998,Alysa,2021-03-26 08:21:31.639
999,Anette,2021-03-08 17:07:10.599
